{
  "last": "Default",
  "backgroundType": "DEFAULT",
  "commonDirType": "DEFAULT",
  "commonpath": "C:\\Users\\Administrator\\AppData\\Roaming\\.minecraft",
  "hasProxy": false,
  "hasProxyAuth": false,
  "proxyType": "HTTP",
  "proxyPort": 0,
  "theme": "#ffeb3b",
  "localization": "def",
  "downloadType": "mojang",
  "configurations": {
    "Default": {
      "global": {
        "usesGlobal": false,
        "javaArgs": "",
        "minecraftArgs": "",
        "maxMemory": 1024,
        "permSize": "",
        "width": 854,
        "height": 480,
        "javaDir": "",
        "precalledCommand": "",
        "serverIp": "play.goldhum.com",
        "java": "",
        "wrapper": "",
        "fullscreen": false,
        "noJVMArgs": false,
        "notCheckGame": false,
        "notCheckJVM": false,
        "showLogs": false,
        "gameDir": "",
        "launcherVisibility": 1,
        "gameDirType": 1,
        "defaultJavaPath": ""
      },
      "gameDir": ".minecraft",
      "useRelativePath": true,
      "selectedMinecraftVersion": ""
    },
    "Home": {
      "global": {
        "usesGlobal": false,
        "javaArgs": "",
        "minecraftArgs": "",
        "maxMemory": 1024,
        "permSize": "",
        "width": 854,
        "height": 480,
        "javaDir": "",
        "precalledCommand": "",
        "serverIp": "play.goldhum.com",
        "java": "",
        "wrapper": "",
        "fullscreen": false,
        "noJVMArgs": false,
        "notCheckGame": false,
        "notCheckJVM": false,
        "showLogs": false,
        "gameDir": "",
        "launcherVisibility": 1,
        "gameDirType": 1,
        "defaultJavaPath": ""
      },
      "gameDir": "C:\\Users\\Administrator\\AppData\\Roaming\\.minecraft",
      "useRelativePath": false,
      "selectedMinecraftVersion": ""
    }
  },
  "accounts": [],
  "fontFamily": "Consolas",
  "fontSize": 12.0,
  "logLines": 100,
  "authlibInjectorServers": [],
  "updateChannel": "STABLE",
  "_version": 0,
  "uiVersion": 0
}